BCI runs in support of Orchid Male Cancer Awareness Week,
BCI team presenting at the Digestive Disease Week in Chicago  ,
Hot topics in Gene and Cell Therapy – exclusive video interviews,
Dr Jude Fitzgibbon speaks for Lymphatic Cancer Awareness Week,
BCI at the European Society of Gene & Cell Therapy Congress,
Dr Sarah Martin wins Future Leaders in Cancer Prize,
Patient meets scientist: David Taylor interviews Prof Fran Balkwil,
Stand Up for Cancer raises £6.4M for Cancer Research,
"An interview with Prof. Kenneth Anderson, BCI sponsored speaker at NCRI 2012",
Father's Day: a prostate cancer film,
Cancer Research UK Citizen Science,
VOICE course review,
"An interview with Prof. Lisa Coussens, BCI sponsored speaker at NCRI 2103",
First 3D laparoscopy surgery in London completed by BCI surgeon,
Research Overview,
About Us,
Centre for Cancer & Inflammation,
Work For Us,
Clinical Trials,
Al's Test Video Page,
Test Video Page 2,
test Hot topics in Gene and Cell Therapy – exclusive video interviews,
Test Clinical Trials,
TEST Clinical Trials,
Our Research,
Our Research3,
BCI Charity Challenges ,
VOICE,
Inaugural Lectures,
Celebrating Barts' Contributions to Cancer Research,
BCI at the European Society of Gene & Cell Therapy Congress,
World Pancreatic Cancer Day 2015,
QMUL Experts: Professor Fran Balkwill on Ovarian Cancer,
Postgraduate Day 2015,
BCI PhD student takes the TEDx stage to talk cancer evolution,
Professor Fran Balkwill,
Joining forces with Pharma to battle Kidney Cancer,
Hot topics in Gene and Cell Therapy ,
Stand Up To Cancer raises over £6m,
London Pancreas Workshop 2014,
First 3D laparoscopy surgery in London completed by BCI surgeon,
Centre for Cancer & Inflammation,
Father's Day: a prostate cancer film,
Dr Jude Fitzgibbon speaks for Lymphatic Cancer Awareness Week,
adilrousell,eliasmacnidder@discoverwatch.com
adelahuggett,eliasmacnidder@discoverwatch.com
addiebullene,eliasmacnidder@discoverwatch.com
addiebullene,eliasmacnidder@discoverwatch.com
Daniel,maynardnoonan@web.de
Genia,geniathao@gmail.com
graal viewer,alinebardon@web.de
salesforce changesets,joesphwintle@gmail.com
4rx coupon,randi_haywood@zoho.com
как делать браслет из резинок,miguelskurrie@googlemail.com
tg captions,renatedriggers@bigstring.com
forced tg captions,dollydouglas@gmail.com
thomas the tank engine youtube,hannahbody@gmail.com
Madden 16 Dynamic Goals,clydereiniger@freenet.de
Anantara Kihavah Review,cedriczwar@aol.com
Maldives Rewewal of Vows,phillipp.vann@gmail.com
